m1,m2,m3,m4,m5,m6,repository,version,ncloc,code_quality,testing_status,Maintainability,Reliability,total
0.9365079365079365,0.0,1.0,1.0,1.0,1.0,fga-eps-mds-2022-1-schedula-detalhador_de_chamados,1.0.0,2171,0.6390476190476191,1.0,0.31952380952380954,0.5,0.8195238095238095
0.95260663507109,0.0,1.0,1.0,1.0,1.0,fga-eps-mds-2022-1-schedula-detalhador_de_chamados,1.1.0,10109,0.6443601895734598,1.0,0.3221800947867299,0.5,0.8221800947867299
0.94,0.04,0.8,0.8,0.8,0.8,fga-eps-mds-2022-1-schedula-front,1.0.0,3301,0.5873999999999999,0.8,0.29369999999999996,0.4,0.6937
0.9473684210526315,0.0,0.8947368421052632,0.8947368421052632,0.8947368421052632,0.8947368421052632,fga-eps-mds-2022-1-schedula-front,1.1.1,1070,0.6078947368421053,0.8947368421052632,0.30394736842105263,0.4473684210526316,0.7513157894736842
0.8571428571428571,0.0,1.0,1.0,1.0,1.0,fga-eps-mds-2022-1-schedula-gestor_de_usuarios,1.0.0,961,0.6128571428571429,1.0,0.30642857142857144,0.5,0.8064285714285715
0.9354838709677419,0.12903225806451613,1.0,1.0,1.0,1.0,fga-eps-mds-2022-1-schedula-gerenciador_de_localidades,1.0.0,1372,0.6812903225806453,1.0,0.34064516129032263,0.5,0.8406451612903226
